{
    "5": {
        "minimal_variance": {
            "cost": -4.681329556805568,
            "code": [
                0,
                0,
                1,
                0,
                1,
                0,
                0,
                1,
                1,
                1
            ]
        },
        "spectral_flatness": {
            "cost": 0.5265239169425436,
            "code": [
                0,
                0,
                0,
                0,
                1,
                1,
                0,
                1,
                1,
                1
            ]
        }
    }
}