{
    "8": {
        "minimal_variance": {
            "cost": -8.608047985676501,
            "code": [
                0,
                0,
                0,
                0,
                1,
                0,
                1,
                0,
                1,
                1,
                0,
                0,
                1,
                1,
                1,
                1
            ]
        },
        "spectral_flatness": {
            "cost": 0.48799002618824877,
            "code": [
                0,
                0,
                0,
                0,
                1,
                0,
                1,
                0,
                0,
                1,
                1,
                0,
                1,
                1,
                1,
                1
            ]
        }
    }
}