{
    "9": {
        "spectral_flatness": {
            "cost": 0.4902200324948851,
            "code": [
                0,
                0,
                0,
                0,
                1,
                0,
                0,
                1,
                1,
                0,
                1,
                0,
                1,
                0,
                1,
                1,
                1,
                1
            ]
        },
        "minimal_variance": {
            "cost": -9.904639255015796,
            "code": [
                0,
                0,
                0,
                0,
                1,
                0,
                1,
                0,
                1,
                0,
                0,
                1,
                1,
                0,
                1,
                1,
                1,
                1
            ]
        }
    }
}