{
    "10": {
        "spectral_flatness": {
            "cost": 0.45325078373577476,
            "code": [
                0,
                0,
                0,
                0,
                0,
                1,
                0,
                1,
                1,
                0,
                1,
                1,
                1,
                0,
                0,
                1,
                1,
                1,
                0,
                1
            ]
        },
        "minimal_variance": {
            "cost": -11.31871428782688,
            "code": [
                0,
                0,
                0,
                0,
                1,
                0,
                0,
                1,
                1,
                1,
                0,
                1,
                1,
                0,
                0,
                1,
                0,
                1,
                1,
                1
            ]
        }
    }
}