{
    "12": {
        "spectral_flatness": {
            "cost": 0.43941594288838975,
            "code": [
                0,
                0,
                0,
                0,
                1,
                0,
                0,
                1,
                0,
                1,
                1,
                1,
                0,
                1,
                1,
                1,
                0,
                0,
                1,
                0,
                0,
                1,
                1,
                1
            ]
        },
        "minimal_variance": {
            "cost": -13.941071469237503,
            "code": [
                0,
                0,
                0,
                0,
                1,
                0,
                1,
                0,
                0,
                1,
                1,
                0,
                1,
                0,
                1,
                1,
                0,
                0,
                1,
                1,
                0,
                1,
                1,
                1
            ]
        }
    }
}