{
    "4": {
        "minimal_variance": {
            "cost": -3.4192983613485097,
            "code": [
                0,
                0,
                0,
                0,
                1,
                0,
                1,
                1,
                1
            ]
        },
        "spectral_flatness": {
            "cost": 0.6033528563600191,
            "code": [
                0,
                0,
                0,
                1,
                0,
                1,
                0,
                1,
                1
            ]
        }
    }
}