{
    "5": {
        "minimal_variance": {
            "cost": -4.336814382364236,
            "code": [
                0,
                0,
                0,
                1,
                0,
                0,
                1,
                0,
                1,
                1,
                1
            ]
        },
        "spectral_flatness": {
            "cost": 0.6407406922470308,
            "code": [
                0,
                0,
                0,
                1,
                0,
                0,
                1,
                0,
                1,
                1,
                1
            ]
        }
    }
}