{
    "6": {
        "minimal_variance": {
            "cost": -6.346938775510204,
            "code": [
                0,
                0,
                0,
                0,
                1,
                0,
                1,
                1,
                1,
                0,
                1,
                1
            ]
        },
        "spectral_flatness": {
            "cost": 0.5230594176309112,
            "code": [
                0,
                0,
                0,
                0,
                1,
                0,
                1,
                1,
                1,
                0,
                1,
                1
            ]
        }
    }
}