{
    "6": {
        "minimal_variance": {
            "cost": -5.956351390069393,
            "code": [
                0,
                0,
                0,
                0,
                1,
                0,
                0,
                1,
                1,
                0,
                1,
                1,
                1
            ]
        },
        "spectral_flatness": {
            "cost": 0.5424259428958973,
            "code": [
                0,
                0,
                0,
                1,
                0,
                1,
                0,
                0,
                1,
                1,
                1,
                0,
                1
            ]
        }
    }
}