{
    "7": {
        "minimal_variance": {
            "cost": -7.415382783024395,
            "code": [
                0,
                0,
                1,
                0,
                1,
                0,
                1,
                0,
                0,
                1,
                1,
                1,
                0,
                1
            ]
        },
        "spectral_flatness": {
            "cost": 0.4770838953525613,
            "code": [
                0,
                0,
                0,
                0,
                1,
                0,
                1,
                1,
                1,
                0,
                1,
                0,
                1,
                1
            ]
        }
    }
}