{
    "7": {
        "minimal_variance": {
            "cost": -6.605861016823416,
            "code": [
                0,
                0,
                0,
                0,
                1,
                0,
                1,
                0,
                0,
                1,
                1,
                0,
                1,
                1,
                1
            ]
        },
        "spectral_flatness": {
            "cost": 0.5684290492955346,
            "code": [
                0,
                0,
                0,
                0,
                1,
                0,
                1,
                0,
                0,
                1,
                1,
                0,
                1,
                1,
                1
            ]
        }
    }
}