{
    "8": {
        "spectral_flatness": {
            "cost": 0.5035706386574219,
            "code": [
                0,
                0,
                0,
                0,
                1,
                0,
                1,
                0,
                0,
                1,
                1,
                0,
                0,
                1,
                1,
                1,
                1
            ]
        },
        "minimal_variance": {
            "cost": -8.502176275629196,
            "code": [
                0,
                0,
                0,
                0,
                1,
                0,
                0,
                1,
                1,
                0,
                1,
                0,
                1,
                0,
                1,
                1,
                1
            ]
        }
    }
}