{
  "search":{
    "0":"lyndon",
    "2":"lyndon"
  },
  "objective":{
    "0":"minimal_variance",
    "2":"spectral_flatness"
  },
  "code":{
    "0":[
      0,
      0,
      0,
      0,
      1,
      0,
      1,
      0,
      1,
      1,
      1,
      1,
      0,
      0,
      1,
      0,
      0,
      1,
      1
    ],
    "2":[
      0,
      0,
      0,
      0,
      1,
      0,
      1,
      0,
      1,
      1,
      1,
      1,
      0,
      0,
      1,
      0,
      0,
      1,
      1
    ]
  },
  "cost":{
    "0":-1.881502,
    "2":0.524265
  },
  "weight":{
    "0":9,
    "2":9
  },
  "progress":{
    "0":1935,
    "2":1935
  }
}