{
    "9": {
        "spectral_flatness": {
            "cost": 0.5242651153417955,
            "code": [
                0,
                0,
                0,
                0,
                1,
                0,
                1,
                0,
                1,
                1,
                1,
                1,
                0,
                0,
                1,
                0,
                0,
                1,
                1
            ]
        },
        "minimal_variance": {
            "cost": -9.408888141462945,
            "code": [
                0,
                0,
                0,
                0,
                1,
                1,
                0,
                0,
                1,
                0,
                0,
                1,
                1,
                1,
                1,
                0,
                1,
                0,
                1
            ]
        }
    }
}