{
  "search":{
    "0":"lyndon",
    "1":"lyndon"
  },
  "objective":{
    "0":"minimal_variance",
    "1":"spectral_flatness"
  },
  "code":{
    "0":[
      0,
      0,
      0,
      0,
      1,
      0,
      0,
      1,
      1,
      1,
      0,
      1,
      1,
      0,
      0,
      1,
      0,
      1,
      1,
      1
    ],
    "1":[
      0,
      0,
      0,
      0,
      0,
      1,
      0,
      1,
      1,
      1,
      0,
      0,
      1,
      1,
      1,
      0,
      1,
      1,
      0,
      1
    ]
  },
  "cost":{
    "0":-3.501888,
    "1":0.453251
  },
  "weight":{
    "0":10,
    "1":10
  },
  "progress":{
    "0":2448,
    "1":1224
  }
}