{
    "10": {
        "spectral_flatness": {
            "cost": 0.4755453825136907,
            "code": [
                0,
                0,
                0,
                0,
                1,
                0,
                1,
                0,
                0,
                1,
                1,
                0,
                0,
                1,
                0,
                1,
                0,
                1,
                1,
                1,
                1
            ]
        },
        "minimal_variance": {
            "cost": -11.115011404965687,
            "code": [
                0,
                0,
                0,
                0,
                1,
                0,
                1,
                0,
                0,
                0,
                1,
                1,
                0,
                0,
                1,
                0,
                1,
                1,
                1,
                1,
                1
            ]
        }
    }
}