{
  "search":{
    "0":"lyndon",
    "2":"lyndon"
  },
  "objective":{
    "0":"minimal_variance",
    "2":"spectral_flatness"
  },
  "code":{
    "0":[
      0,
      0,
      0,
      0,
      0,
      1,
      1,
      0,
      0,
      1,
      1,
      1,
      0,
      1,
      0,
      1,
      0,
      1,
      1,
      0,
      1
    ],
    "2":[
      0,
      0,
      0,
      0,
      0,
      1,
      0,
      0,
      1,
      1,
      0,
      0,
      1,
      1,
      0,
      1,
      0,
      1,
      1,
      1,
      1
    ]
  },
  "cost":{
    "0":-3.343879,
    "2":0.475545
  },
  "weight":{
    "0":10,
    "2":10
  },
  "progress":{
    "0":3705,
    "2":2340
  }
}