{
    "11": {
        "spectral_flatness": {
            "cost": 0.4546121954564471,
            "code": [
                0,
                0,
                0,
                0,
                0,
                1,
                0,
                1,
                0,
                1,
                1,
                1,
                0,
                1,
                1,
                0,
                1,
                0,
                0,
                1,
                1,
                1
            ]
        },
        "minimal_variance": {
            "cost": -12.822237621865305,
            "code": [
                0,
                0,
                0,
                0,
                1,
                0,
                1,
                0,
                1,
                0,
                1,
                1,
                1,
                0,
                0,
                1,
                1,
                0,
                1,
                1,
                0,
                1
            ]
        }
    }
}