{
  "search":{
    "0":"lyndon",
    "2":"lyndon"
  },
  "objective":{
    "0":"minimal_variance",
    "2":"spectral_flatness"
  },
  "code":{
    "0":[
      0,
      0,
      0,
      0,
      1,
      0,
      0,
      1,
      1,
      1,
      0,
      0,
      1,
      0,
      1,
      1,
      1,
      0,
      1,
      0,
      1,
      1
    ],
    "2":[
      0,
      0,
      0,
      0,
      0,
      1,
      0,
      1,
      0,
      1,
      1,
      1,
      0,
      1,
      1,
      0,
      1,
      0,
      0,
      1,
      1,
      1
    ]
  },
  "cost":{
    "0":-4.310399,
    "2":0.454612
  },
  "weight":{
    "0":11,
    "2":11
  },
  "progress":{
    "0":9486,
    "2":4278
  }
}