{
    "11": {
        "spectral_flatness": {
            "cost": 0.49455022056365167,
            "code": [
                0,
                0,
                0,
                0,
                0,
                1,
                0,
                1,
                0,
                0,
                1,
                1,
                0,
                0,
                1,
                1,
                0,
                1,
                0,
                1,
                1,
                1,
                1
            ]
        },
        "minimal_variance": {
            "cost": -12.342566865573954,
            "code": [
                0,
                0,
                0,
                0,
                0,
                1,
                1,
                1,
                1,
                0,
                1,
                0,
                1,
                1,
                0,
                0,
                1,
                1,
                0,
                0,
                1,
                0,
                1
            ]
        }
    }
}