{
  "search":{
    "0":"lyndon",
    "1":"lyndon"
  },
  "objective":{
    "0":"minimal_variance",
    "1":"spectral_flatness"
  },
  "code":{
    "0":[
      0,
      0,
      1,
      0,
      1,
      1,
      0,
      0,
      1,
      1,
      0,
      1,
      0,
      1,
      0,
      0,
      1,
      1,
      0,
      1,
      0,
      1,
      0,
      1
    ],
    "1":[
      0,
      0,
      0,
      0,
      1,
      0,
      0,
      1,
      0,
      1,
      1,
      1,
      0,
      1,
      1,
      1,
      0,
      0,
      1,
      0,
      0,
      1,
      1,
      1
    ]
  },
  "cost":{
    "0":-7.381714,
    "1":0.439416
  },
  "weight":{
    "0":12,
    "1":12
  },
  "progress":{
    "0":112632,
    "1":35870
  }
}