{
    "12": {
        "minimal_variance": {
            "cost": -13.955288039203673,
            "code": [
                0,
                0,
                0,
                0,
                1,
                0,
                1,
                0,
                1,
                0,
                0,
                1,
                0,
                0,
                1,
                0,
                1,
                0,
                1,
                1,
                1,
                0,
                1,
                1,
                1
            ]
        },
        "spectral_flatness": {
            "cost": 0.452363498016839,
            "code": [
                0,
                0,
                0,
                0,
                0,
                1,
                0,
                1,
                1,
                0,
                0,
                1,
                0,
                1,
                0,
                1,
                0,
                0,
                1,
                1,
                1,
                0,
                1,
                1,
                1
            ]
        }
    }
}