{
    "13": {
        "minimal_variance": {
            "cost": -15.489294744093348,
            "code": [
                0,
                0,
                0,
                0,
                0,
                0,
                1,
                0,
                1,
                0,
                1,
                1,
                0,
                0,
                1,
                0,
                1,
                1,
                0,
                0,
                1,
                1,
                1,
                1,
                1,
                1
            ]
        },
        "spectral_flatness": {
            "cost": 0.44286241556243444,
            "code": [
                0,
                0,
                0,
                0,
                0,
                1,
                0,
                0,
                1,
                1,
                1,
                1,
                0,
                1,
                0,
                1,
                1,
                1,
                0,
                0,
                0,
                1,
                1,
                0,
                1,
                1
            ]
        }
    }
}