{
    "13": {
        "minimal_variance": {
            "cost": -15.359199938744064,
            "code": [
                0,
                0,
                0,
                0,
                0,
                0,
                1,
                0,
                0,
                0,
                1,
                0,
                1,
                1,
                0,
                1,
                1,
                0,
                1,
                0,
                1,
                1,
                1,
                0,
                1,
                1,
                1
            ]
        },
        "spectral_flatness": {
            "cost": 0.45305124124517965,
            "code": [
                0,
                0,
                0,
                0,
                1,
                0,
                0,
                0,
                1,
                1,
                0,
                1,
                0,
                0,
                1,
                1,
                0,
                1,
                0,
                1,
                0,
                0,
                1,
                1,
                1,
                1,
                1
            ]
        }
    }
}