{
    "14": {
        "minimal_variance": {
            "cost": -16.536918365448802,
            "code": [
                0,
                0,
                0,
                0,
                1,
                0,
                1,
                0,
                0,
                0,
                0,
                1,
                1,
                0,
                1,
                0,
                1,
                1,
                0,
                0,
                1,
                1,
                0,
                1,
                1,
                1,
                1,
                1
            ]
        },
        "spectral_flatness": {
            "cost": 0.42818105787513716,
            "code": [
                0,
                0,
                0,
                0,
                1,
                0,
                0,
                1,
                0,
                1,
                1,
                0,
                0,
                0,
                1,
                0,
                0,
                1,
                1,
                1,
                1,
                1,
                0,
                1,
                0,
                1,
                1,
                1
            ]
        }
    }
}