{
    "14": {
        "minimal_variance": {
            "cost": -16.62593023204415,
            "code": [
                0,
                0,
                0,
                0,
                1,
                0,
                0,
                0,
                1,
                0,
                1,
                0,
                1,
                0,
                0,
                1,
                0,
                0,
                1,
                1,
                1,
                0,
                1,
                0,
                1,
                1,
                1,
                1,
                1
            ]
        },
        "spectral_flatness": {
            "cost": 0.44028037490462685,
            "code": [
                0,
                0,
                0,
                0,
                0,
                0,
                1,
                0,
                1,
                1,
                1,
                0,
                0,
                0,
                1,
                1,
                0,
                1,
                1,
                0,
                1,
                0,
                1,
                1,
                1,
                0,
                0,
                1,
                1
            ]
        }
    }
}