{
    "15": {
        "minimal_variance": {
            "cost": -18.146678786756162,
            "code": [
                0,
                0,
                0,
                0,
                1,
                0,
                1,
                1,
                0,
                1,
                0,
                0,
                1,
                0,
                0,
                0,
                1,
                0,
                1,
                1,
                1,
                0,
                1,
                1,
                1,
                0,
                0,
                1,
                1,
                1
            ]
        },
        "spectral_flatness": {
            "cost": 0.43342747804007126,
            "code": [
                0,
                0,
                0,
                0,
                1,
                0,
                0,
                0,
                1,
                1,
                1,
                0,
                1,
                1,
                1,
                0,
                1,
                0,
                0,
                1,
                1,
                1,
                0,
                1,
                0,
                0,
                1,
                0,
                1,
                1
            ]
        }
    }
}