{
    "15": {
        "minimal_variance": {
            "cost": -17.608761416723446,
            "code": [
                0,
                0,
                0,
                0,
                1,
                0,
                0,
                1,
                0,
                0,
                0,
                1,
                1,
                0,
                1,
                1,
                0,
                1,
                1,
                1,
                1,
                0,
                0,
                0,
                1,
                0,
                1,
                0,
                1,
                1,
                1
            ]
        },
        "spectral_flatness": {
            "cost": 0.45704520582355435,
            "code": [
                0,
                0,
                0,
                0,
                1,
                0,
                0,
                1,
                0,
                0,
                0,
                1,
                1,
                0,
                1,
                1,
                0,
                1,
                1,
                1,
                1,
                0,
                0,
                0,
                1,
                0,
                1,
                0,
                1,
                1,
                1
            ]
        }
    }
}