{
    "16": {
        "minimal_variance": {
            "cost": -19.382830663653532,
            "code": [
                0,
                0,
                0,
                0,
                0,
                0,
                1,
                0,
                1,
                0,
                0,
                0,
                1,
                0,
                0,
                1,
                1,
                1,
                1,
                0,
                1,
                0,
                0,
                1,
                1,
                1,
                0,
                1,
                1,
                1,
                1,
                1
            ]
        },
        "spectral_flatness": {
            "cost": 0.4197494497963849,
            "code": [
                0,
                0,
                0,
                0,
                0,
                0,
                1,
                1,
                0,
                0,
                1,
                1,
                1,
                1,
                0,
                1,
                0,
                1,
                1,
                0,
                1,
                1,
                0,
                1,
                0,
                0,
                0,
                1,
                0,
                1,
                1,
                1
            ]
        }
    }
}