{
    "18": {
        "spectral_flatness": {
            "cost": 0.4143503472724412,
            "code": [
                0,
                0,
                0,
                0,
                0,
                0,
                1,
                1,
                0,
                1,
                1,
                0,
                1,
                1,
                1,
                1,
                0,
                1,
                0,
                1,
                0,
                1,
                0,
                1,
                1,
                0,
                0,
                0,
                0,
                1,
                1,
                0,
                0,
                1,
                1,
                1
            ]
        },
        "minimal_variance": {
            "cost": -22.272797043414837,
            "code": [
                0,
                0,
                0,
                0,
                1,
                0,
                1,
                0,
                1,
                0,
                0,
                0,
                1,
                1,
                1,
                0,
                0,
                0,
                1,
                0,
                1,
                1,
                0,
                0,
                1,
                1,
                0,
                1,
                0,
                1,
                1,
                1,
                1,
                1,
                0,
                1
            ]
        }
    }
}