{
    "18": {
        "spectral_flatness": {
            "cost": 0.4196868929763068,
            "code": [
                0,
                0,
                0,
                0,
                0,
                0,
                0,
                1,
                1,
                0,
                0,
                1,
                0,
                1,
                0,
                0,
                0,
                1,
                1,
                1,
                0,
                1,
                0,
                0,
                1,
                0,
                1,
                1,
                1,
                1,
                0,
                1,
                1,
                1,
                0,
                1,
                1
            ]
        },
        "minimal_variance": {
            "cost": -22.186194537790666,
            "code": [
                0,
                0,
                0,
                0,
                1,
                0,
                0,
                0,
                1,
                0,
                0,
                1,
                0,
                1,
                1,
                0,
                1,
                0,
                0,
                0,
                0,
                1,
                1,
                0,
                1,
                1,
                1,
                0,
                1,
                1,
                1,
                0,
                1,
                0,
                1,
                1,
                1
            ]
        }
    }
}