{
    "19": {
        "spectral_flatness": {
            "cost": 0.41294883544713945,
            "code": [
                0,
                0,
                0,
                0,
                0,
                0,
                1,
                0,
                1,
                1,
                0,
                1,
                1,
                0,
                1,
                1,
                1,
                1,
                1,
                0,
                1,
                0,
                1,
                0,
                1,
                1,
                0,
                0,
                0,
                0,
                0,
                1,
                1,
                0,
                0,
                1,
                1,
                1
            ]
        },
        "minimal_variance": {
            "cost": -23.63690944975932,
            "code": [
                0,
                0,
                0,
                0,
                0,
                0,
                1,
                0,
                1,
                0,
                1,
                0,
                0,
                1,
                1,
                0,
                1,
                1,
                1,
                0,
                1,
                0,
                1,
                1,
                0,
                1,
                1,
                0,
                0,
                0,
                1,
                1,
                0,
                1,
                0,
                1,
                1,
                1
            ]
        }
    }
}