{
    "4": {
        "minimal_variance": {
            "cost": -3.841496050279973,
            "code": [
                0,
                0,
                1,
                0,
                1,
                0,
                1,
                1
            ]
        },
        "spectral_flatness": {
            "cost": 0.582967910196307,
            "code": [
                0,
                0,
                0,
                1,
                0,
                1,
                1,
                1
            ]
        }
    }
}