{
  "search":{
    "0":"random",
    "1":"random",
    "2":"random",
    "3":"random",
    "4":"random",
    "5":"random",
    "6":"random"
  },
  "objective":{
    "0":"spectral_flatness",
    "1":"spectral_flatness",
    "2":"spectral_flatness",
    "3":"minimal_variance",
    "4":"minimal_variance",
    "5":"coded_factor",
    "6":"coded_factor"
  },
  "code":{
    "0":[
      0,
      1,
      1,
      1,
      1,
      1,
      0,
      0,
      1,
      0,
      0,
      0,
      0,
      1,
      0,
      1,
      0,
      0,
      0,
      1,
      1,
      1,
      0,
      1
    ],
    "1":[
      1,
      0,
      0,
      0,
      1,
      1,
      1,
      0,
      1,
      1,
      0,
      0,
      1,
      0,
      1,
      0,
      1,
      1,
      0,
      1,
      0,
      0,
      0,
      1
    ],
    "2":[
      1,
      1,
      1,
      1,
      0,
      0,
      0,
      1,
      0,
      0,
      0,
      1,
      0,
      0,
      1,
      1,
      1,
      0,
      1,
      1,
      0,
      1,
      0,
      0
    ],
    "3":[
      0,
      1,
      0,
      1,
      1,
      1,
      1,
      1,
      0,
      0,
      0,
      0,
      0,
      1,
      1,
      0,
      0,
      1,
      1,
      0,
      0,
      0,
      1,
      1
    ],
    "4":[
      1,
      0,
      0,
      0,
      1,
      0,
      1,
      0,
      0,
      0,
      1,
      1,
      1,
      1,
      0,
      1,
      1,
      0,
      0,
      0,
      1,
      1,
      0,
      1
    ],
    "5":[
      1,
      0,
      1,
      0,
      1,
      0,
      0,
      0,
      1,
      1,
      0,
      0,
      1,
      0,
      0,
      1,
      0,
      0,
      1,
      1,
      1,
      1,
      0,
      1
    ],
    "6":[
      0,
      1,
      0,
      0,
      1,
      0,
      0,
      0,
      1,
      1,
      1,
      1,
      1,
      0,
      1,
      0,
      1,
      0,
      0,
      1,
      1,
      1,
      0,
      0
    ]
  },
  "cost":{
    "0":0.397989,
    "1":0.411522,
    "2":0.439416,
    "3":-5.094045,
    "4":-4.98378,
    "5":146.553877,
    "6":154.977843
  },
  "weight":{
    "0":12,
    "1":12,
    "2":12,
    "3":12,
    "4":12,
    "5":12,
    "6":12
  },
  "progress":{
    "0":170,
    "1":340,
    "2":510,
    "3":170,
    "4":4080,
    "5":170,
    "6":680
  }
}